id,status,chars,lines,attempts,last_attempt,note
009fbf42-7902-4632-a32d-8be35fa22fae,failed,0,3,1,2026-08-31T21:00:45Z,only_3_lines
00acf754-02eb-4f66-bdea-d642834475a7,failed,0,9,1,2026-08-31T20:02:25Z,only_9_lines
013934fd-e527-4543-b30c-ba4003cee756,failed,0,5,1,2026-08-31T19:01:00Z,only_5_lines
01a12202-6492-4660-8c18-67333a51aa05,failed,0,4,1,2026-08-31T21:00:45Z,only_4_lines
01c4d1da-b058-4813-b47e-7f8e4dba1bd1,ok,1562,45,1,2026-08-31T15:30:57Z,
055aa083-296f-48f0-8045-8cb95a1ef2a0,failed,0,702,1,2026-08-31T21:31:22Z,blocked (cookie/JS wall)
05ab114c-f9d4-45b3-ac84-20227b44db3f,ok,9101,115,1,2026-08-31T15:00:57Z,
06633e4b-4d98-4a80-a791-5dc0f248390f,failed,0,4,1,2026-08-31T16:31:03Z,only_4_lines
067fde7e-5b83-40ed-8830-3864aced6f33,ok,7915,112,1,2026-08-31T15:00:57Z,
069e94c8-0ad8-44b9-9f03-5cd31a1154ff,failed,0,4,1,2026-08-31T17:09:24Z,only_4_lines
0718fecc-0b61-46aa-a33c-44fa02cce82a,failed,0,9,1,2026-08-31T21:57:50Z,only_9_lines
09174c1c-7ac5-489a-8c87-dcb67b971aa0,failed,0,15,1,2026-08-31T19:01:00Z,only_15_lines
094fc400-8cf1-4839-8605-e5f144700551,failed,0,508,1,2026-08-31T14:31:04Z,blocked (cookie/JS wall)
0a98ebc5-e475-46d7-82ae-71e4d433d7c6,failed,0,271,1,2026-08-31T15:00:57Z,blocked (cookie/JS wall)
0cc71c0c-aed8-49d9-a23c-45e22cc9e8ad,failed,0,12,1,2026-08-31T14:00:46Z,only_12_lines
0cdb99d3-9690-4d7a-8727-bd690d7f51ff,failed,0,4,1,2026-08-31T14:00:46Z,only_4_lines
0d138427-6921-4a12-99e2-30a0b223cef3,ok,9610,120,1,2026-08-31T14:00:46Z,
0d46d0ee-0a76-4970-9c7c-c4db40ae4fe5,failed,0,4,1,2026-08-31T14:31:04Z,only_4_lines
0d7b8d67-b0c6-42e4-8757-72009f66499e,failed,0,230,1,2026-08-31T19:33:25Z,blocked (cookie/JS wall)
0d836d0f-86b0-426e-9d8a-55a68f233a3c,failed,0,4,1,2026-08-31T14:31:04Z,only_4_lines
0eacf8cc-6d40-4e01-8d2b-6987687bf843,ok,8398,107,1,2026-09-01T05:39:09Z,
0ee42cec-fd2b-4ffa-8687-8c302e90fbcf,failed,0,4,1,2026-08-31T20:30:49Z,only_4_lines
0ee5e237-498f-42f6-81bc-b03b8e22e49b,failed,0,28,1,2026-08-31T16:01:07Z,only_28_lines
11a8d7d6-f891-4cac-bb67-5b895e603560,failed,0,34,1,2026-08-31T21:57:50Z,only_34_lines
120b5dc5-005a-459d-848c-a05d3a0eba5e,failed,0,94,1,2026-08-31T13:31:31Z,no posting-like text (5539c)
12c027ac-4d4e-436f-8165-633a717cc12a,failed,0,45,1,2026-08-31T17:30:48Z,blocked (cookie/JS wall)
1cf14ab5-bc9d-4842-9fb3-7f423c965a86,failed,0,110,1,2026-08-31T17:09:24Z,blocked (cookie/JS wall)
1f413552-77af-4f45-aecd-532852b777c8,failed,0,25,1,2026-08-31T15:30:57Z,only_25_lines
1f454555-e3ae-4611-a53d-40c8d109d8c8,failed,0,30,1,2026-08-31T21:57:50Z,only_30_lines
2115234d-be28-4c20-b435-cbb15464dda9,failed,0,8,1,2026-08-31T14:31:04Z,only_8_lines
229ace69-8177-42cc-a85f-c0517803f03b,failed,0,5,1,2026-08-31T15:30:57Z,only_5_lines
22b2d0e9-fb64-49b6-8106-e7c9fd959e61,failed,0,8,1,2026-08-31T18:31:00Z,only_8_lines
2539c19a-bd13-4e12-b098-21cfc96b7d39,failed,0,4,1,2026-08-31T16:01:07Z,only_4_lines
255595f1-f6b4-4007-9563-647c8db7fae5,failed,0,10,1,2026-08-31T17:00:55Z,only_10_lines
25e5cdde-2399-431a-a6d9-20218124af5f,failed,0,14,1,2026-08-31T20:30:49Z,only_14_lines
268262ab-3056-48bd-a78d-3fe70d2fb886,failed,0,4,1,2026-08-31T17:30:48Z,only_4_lines
26b828f4-819c-4c9f-9d17-0cb377b3b310,failed,0,11,1,2026-08-31T19:33:25Z,only_11_lines
26fc2a52-b260-4601-a804-43fb299bebf2,ok,8860,110,1,2026-09-01T16:31:37Z,
27c082da-62c4-4f26-8137-74728d05965e,failed,0,8,1,2026-08-31T20:30:49Z,only_8_lines
28ba42da-8a23-42a0-8f6c-e867d40c6e48,failed,0,286,1,2026-08-31T17:30:48Z,blocked (cookie/JS wall)
28de39fe-563f-4b16-93f7-5d3bbbb04340,failed,0,11,1,2026-08-31T17:09:24Z,only_11_lines
2a0557a3-781a-4a1b-9313-506c5de08ec0,failed,0,8,1,2026-08-31T20:02:25Z,only_8_lines
2b58f87c-45e3-47f3-8d33-ff72212accde,failed,0,15,1,2026-08-31T20:02:25Z,only_15_lines
2ec22e8c-8004-46f2-943c-b71ca142908f,failed,0,286,1,2026-08-31T17:30:48Z,blocked (cookie/JS wall)
2eeca6bb-23cf-4253-8f33-432b24d93ab5,failed,0,4,1,2026-08-31T19:33:25Z,only_4_lines
2f47de17-a088-41a1-8238-0a8713c924ae,failed,0,4,1,2026-08-31T16:31:03Z,only_4_lines
30968849-8351-4128-a546-cd9bbad4a60c,failed,0,10,1,2026-08-31T18:31:00Z,only_10_lines
3233fcfb-8678-4efa-8fe0-1034b9db4a52,failed,0,218,1,2026-08-31T16:01:07Z,blocked (cookie/JS wall)
3249364a-f140-41a7-8004-64618a2bdb78,failed,0,108,1,2026-08-31T17:09:24Z,no posting-like text (8384c)
342c3878-0f0a-4f31-b343-8989d1ef68b7,failed,0,8,1,2026-08-31T21:00:45Z,only_8_lines
35d8cb0a-56cf-478f-80bb-73ba1dafbac2,failed,0,4,1,2026-08-31T15:30:57Z,only_4_lines
35fa357f-399d-42f3-bfc6-4e500c277ab3,ok,9039,129,1,2026-08-31T21:00:45Z,
365705d7-043e-406a-a42b-c1114d889dfb,failed,0,4,1,2026-08-31T17:00:55Z,only_4_lines
369aa379-9db8-44bd-8238-0cbf7f9c3483,failed,0,32,1,2026-08-31T15:30:57Z,only_32_lines
373a5deb-bbf5-4b5d-96cc-270362d6fba5,ok,12661,121,1,2026-09-01T05:39:09Z,
39d9c34d-25c2-4b63-b896-ad1ecb98c563,failed,0,4,1,2026-08-31T20:02:25Z,only_4_lines
3a2e2c86-3612-46c8-891d-50a65e292f46,failed,0,22,1,2026-08-31T14:00:46Z,only_22_lines
3c0eb87e-dc03-4ec2-a2f7-754825edf8ce,ok,1175,42,1,2026-08-31T13:31:31Z,
3cb15cd2-4921-403c-adee-e05fb84c6dda,failed,0,271,1,2026-08-31T18:00:50Z,blocked (cookie/JS wall)
3cb45823-f475-44c7-aaca-4a1335faf6ff,ok,9513,106,1,2026-08-31T21:00:45Z,
3d5030c9-5b53-4ead-8664-250c3688b6ee,failed,0,8,1,2026-08-31T17:09:24Z,only_8_lines
3d88fb1f-4b46-4e88-a576-048f777a91f2,failed,0,26,1,2026-08-31T15:30:57Z,only_26_lines
3ead5def-8555-40d4-817c-7435fa78e157,failed,0,8,1,2026-08-31T16:31:03Z,only_8_lines
3ebe96ab-b5a9-4ddf-99f0-9583e2226fb6,failed,0,5,1,2026-08-31T15:30:57Z,only_5_lines
3ef6005a-dc19-43a2-ae36-e463222f6fa7,failed,0,5,1,2026-08-31T21:31:22Z,only_5_lines
40c1294a-a472-402c-882b-843d26a07449,failed,0,5,1,2026-08-31T15:30:57Z,only_5_lines
4253e953-04fc-48f3-be58-728d5c241c3c,failed,0,12,1,2026-08-31T16:31:03Z,only_12_lines
4316d3b6-dc12-4c25-bb13-4a917980b40b,failed,0,10,1,2026-08-31T21:31:22Z,only_10_lines
4474324d-fc29-44ab-ac6b-ad29c0babae6,failed,0,4,1,2026-08-31T18:31:00Z,only_4_lines
452bd6d1-0b35-4f40-aa51-c0ae49420249,failed,0,8,1,2026-08-31T16:01:07Z,only_8_lines
47cd8fb3-de26-4b09-8e8d-0a17a36ce0d6,failed,0,4,1,2026-08-31T17:00:55Z,only_4_lines
47e93c35-6beb-41fc-bb7f-81c35722ff8d,failed,0,10,1,2026-08-31T21:31:22Z,only_10_lines
483336e7-948a-4f0e-a61d-4151a29c78de,failed,0,8,1,2026-08-31T20:30:49Z,only_8_lines
49a613fe-0291-4b1e-9d57-00c3a580dfe0,failed,0,8,1,2026-08-31T21:00:45Z,only_8_lines
49ff5004-3fea-42cf-8ed9-f8ddb314058f,failed,0,286,1,2026-08-31T19:01:00Z,blocked (cookie/JS wall)
4b41cc6a-c7ca-4364-bf7c-41f6ca98409e,failed,0,30,1,2026-08-31T13:31:31Z,only_30_lines
4d6d9d8d-ef9c-4af6-98d5-d441afd6ea36,ok,21536,267,1,2026-08-31T17:30:48Z,
4e46ef11-a7c5-4895-a907-c2c188d58328,failed,0,10,1,2026-08-31T20:30:49Z,only_10_lines
5046a684-049e-42fa-ad93-7d21aeed4084,failed,0,230,1,2026-08-31T17:30:48Z,blocked (cookie/JS wall)
50f076dc-b912-4d1b-b7d7-59cfb38b5688,failed,0,126,1,2026-08-31T16:01:07Z,posting taken down
51390559-49b8-46aa-8e77-cb2b750241cc,failed,0,4,1,2026-08-31T18:00:50Z,only_4_lines
527e83c9-8667-42c5-ae2d-aa16111a9379,failed,0,11,1,2026-08-31T19:01:00Z,only_11_lines
54a129c8-53ec-4e38-b878-daaaa309f3f7,ok,8364,109,1,2026-08-31T14:00:46Z,
55723c85-bd8c-4d95-be54-2a6851a48b6c,failed,0,46,1,2026-08-31T18:00:50Z,blocked (cookie/JS wall)
56196707-1bc1-44de-9e0e-a32456792771,failed,0,26,1,2026-08-31T15:30:57Z,only_26_lines
5646d793-dc8c-4ff6-82d3-e8d00aa58389,failed,0,158,1,2026-08-31T14:00:46Z,blocked (cookie/JS wall)
567343bb-16d7-4d9d-9b61-18ca665f8a16,failed,0,10,1,2026-08-31T21:31:22Z,only_10_lines
569ed6bf-2af9-475a-a7db-65d129476547,failed,0,3,1,2026-08-31T21:57:50Z,only_3_lines
56cea9ec-cce7-458e-a197-985b6435bd36,ok,11931,122,1,2026-09-01T05:39:09Z,
5862704c-af4b-420f-9538-a27f52a6dc49,failed,0,4,1,2026-08-31T14:31:04Z,only_4_lines
599919c9-248d-495b-a106-81088707bc82,failed,0,4,1,2026-08-31T17:09:24Z,only_4_lines
59b92f0b-36cb-4eb5-9a6c-8f15f9435a83,failed,0,3,1,2026-08-31T20:02:25Z,only_3_lines
5d6c33d1-6d0a-4416-b7d6-c47f481517c5,failed,0,8,1,2026-08-31T21:00:45Z,only_8_lines
5ea98056-c56b-4b75-bc44-d64a3c6c73a3,failed,0,4,1,2026-08-31T16:01:07Z,only_4_lines
5fb362f5-5857-42ff-923b-348eb5582bc7,ok,7540,93,1,2026-08-31T13:31:31Z,
62709f49-dca3-4418-9cbb-85fae7d3b7ce,failed,0,4,1,2026-08-31T18:31:00Z,only_4_lines
63312998-23b7-4617-994a-97b67a1866fb,failed,0,5,1,2026-08-31T15:30:57Z,only_5_lines
6409dda3-9704-4933-a226-3ae46b43d171,failed,0,24,1,2026-08-31T16:01:07Z,only_24_lines
6470fc04-154d-4d53-9a4c-9f69aaba3aaf,failed,0,44,1,2026-08-31T18:00:50Z,blocked (cookie/JS wall)
66058658-b81c-4603-b721-ad005299ed84,failed,0,5,1,2026-08-31T16:01:07Z,only_5_lines
661c72d1-3246-4a68-a747-e850c8abb675,failed,0,12,1,2026-08-31T18:00:50Z,only_12_lines
66357c67-5998-4524-8bd2-55280de56b1a,failed,0,819,1,2026-08-31T21:31:22Z,blocked (cookie/JS wall)
67a5f775-5448-46b2-9dad-a17c4c4584be,failed,0,30,1,2026-08-31T16:01:07Z,only_30_lines
68ceeffa-36f0-4cd6-9256-42fd6f4f016d,failed,0,4,1,2026-08-31T16:31:03Z,only_4_lines
6a053db8-23fb-4075-8cbb-7ed2328d5f43,ok,1629,55,1,2026-08-31T21:31:22Z,
6a849ae3-5b64-44ef-8bcc-a7bb32766d9f,failed,0,26,1,2026-08-31T16:01:07Z,only_26_lines
6a910274-8203-4361-9726-d22a315d1644,ok,8990,111,1,2026-08-31T13:31:31Z,
6c4405d5-c008-48ab-bb63-5f8f77ba0777,failed,0,4,1,2026-08-31T18:00:50Z,only_4_lines
6c56bd42-aaca-45b8-b770-128f543898e0,failed,0,4,1,2026-08-31T20:02:25Z,only_4_lines
6d7e83bd-6e67-4d8c-919e-862288b8b561,ok,10893,123,1,2026-08-31T15:00:57Z,
6ec40ca1-95e5-4505-aee1-11667fbe29f1,failed,0,30,1,2026-08-31T21:57:50Z,only_30_lines
6f017171-74b9-4619-a761-d93250479626,failed,0,46,1,2026-08-31T17:30:48Z,blocked (cookie/JS wall)
72197bee-e9b3-4978-88cd-1cc51ba6254c,failed,0,286,1,2026-08-31T18:00:50Z,blocked (cookie/JS wall)
7265b7f1-e86f-400a-acdc-ec06dc2c581a,failed,0,3,1,2026-08-31T19:33:25Z,only_3_lines
736ed5d6-63be-4dfa-b0d6-5eb9c5d4e663,ok,9425,133,1,2026-08-31T15:00:57Z,
74ba1fe3-ca71-4260-b251-29fa1d840279,failed,0,271,1,2026-08-31T20:30:49Z,blocked (cookie/JS wall)
7668d718-523e-431c-a2b3-b39a409c2dec,failed,0,10,1,2026-08-31T15:00:57Z,only_10_lines
79204fa0-81f5-4295-96d3-0a63bb614715,failed,0,4,1,2026-08-31T17:30:48Z,only_4_lines
7aa9448f-c028-4566-8078-45d402ca4ffe,ok,8754,111,1,2026-08-31T15:00:57Z,
7ac697b2-ff59-4660-990a-d4f53316f56c,failed,0,4,1,2026-08-31T19:01:00Z,only_4_lines
7b78baf6-f74f-4d7b-924f-a68d5e0e0dbf,failed,0,4,1,2026-08-31T14:00:46Z,only_4_lines
7c5ad96f-e7b8-4ad3-9e09-9da83e6659b0,failed,0,8,1,2026-08-31T16:31:03Z,only_8_lines
7d3756e8-9e17-44bb-b29f-751947fabf50,failed,0,9,1,2026-08-31T14:00:46Z,only_9_lines
7d880590-b150-42ab-810a-5e3b723e0a20,failed,0,11,1,2026-08-31T19:01:00Z,only_11_lines
7d8de26b-5da6-4e2a-9a17-d887bc8a61be,failed,0,24,1,2026-08-31T19:01:00Z,only_24_lines
80123cbc-f5c6-4a6e-95bd-f97fb3c9d32b,failed,0,4,1,2026-08-31T20:02:25Z,only_4_lines
80b3432f-f7a2-4886-bda6-698e860df082,failed,0,4,1,2026-08-31T16:31:03Z,only_4_lines
8183f0b3-f63a-4b40-a5f3-9b6811decada,failed,0,4,1,2026-08-31T15:30:57Z,only_4_lines
82220070-80c9-42ec-9a40-dc3d4aa5d2b8,failed,0,4,1,2026-08-31T18:31:00Z,only_4_lines
8274eda3-9ac6-4582-ae1a-b4f690d6737f,failed,0,10,1,2026-08-31T18:31:00Z,only_10_lines
836b272f-f58b-4472-83e7-09b03b198080,failed,0,22,1,2026-08-31T20:02:25Z,only_22_lines
837f275c-c314-436a-9c5b-9f8c18daa488,failed,0,8,1,2026-08-31T20:30:49Z,only_8_lines
83ed4d09-cf58-46d7-adcd-40fc0238f3a2,failed,0,181,1,2026-08-31T21:31:22Z,no posting-like text (6626c)
8429362a-1d03-4406-8ab4-86f7dd0754b2,failed,0,9,1,2026-08-31T17:30:48Z,only_9_lines
8446df16-f5f1-4fe4-9c20-44f6c0661737,failed,0,3,1,2026-08-31T21:57:50Z,only_3_lines
849495a9-c7c9-445b-95f4-0b6e90d82098,failed,0,5,1,2026-08-31T19:33:25Z,only_5_lines
8557ee50-9c1f-49e9-98b8-692547114b0a,failed,0,4,1,2026-08-31T17:09:24Z,only_4_lines
86288e49-34fb-4db7-af79-7b5fab0ef2d4,failed,0,15,1,2026-08-31T19:33:25Z,only_15_lines
86fd502f-db41-49cb-9e56-950a3241b65b,failed,0,4,1,2026-08-31T18:00:50Z,only_4_lines
87e1f406-2b57-4d98-9b4f-2b0c197085e3,failed,0,8,1,2026-08-31T21:31:22Z,only_8_lines
8b6ea404-0949-4cd3-a4e1-f77ec1d8cca0,failed,0,8,1,2026-08-31T14:31:04Z,only_8_lines
8c8cf5d2-f485-4d7e-b8b1-ce1caaf73d31,failed,0,4,1,2026-08-31T15:30:57Z,only_4_lines
8c9a6e98-5612-418c-9824-6303cda6f199,ok,11781,124,1,2026-09-01T05:39:09Z,
8cd6c68a-d1b7-4a16-9dc4-411fb9932fbb,failed,0,4,1,2026-08-31T16:01:07Z,only_4_lines
8ce746f2-4dd9-4c00-bfee-754334ef88ec,failed,0,3,1,2026-08-31T18:00:50Z,only_3_lines
8d8f9605-6605-4474-9a61-7960df14b4a0,failed,0,9,1,2026-08-31T17:09:24Z,only_9_lines
8e11b217-af00-44fb-88cd-cb241676e359,failed,0,12,1,2026-08-31T19:33:25Z,only_12_lines
8e9a164a-393f-4f52-8c16-a283cc796352,failed,0,4,1,2026-08-31T17:00:55Z,only_4_lines
8ec64e5f-4755-45a9-ae9e-abd13cd712b0,ok,7112,94,1,2026-08-31T19:33:25Z,
8ee2c108-7c86-4c94-b7bb-5667b48e3d3a,failed,0,990,1,2026-08-31T18:31:00Z,blocked (cookie/JS wall)
8febf19c-cdf5-437d-bf7b-f5d9d35987ea,failed,0,46,1,2026-08-31T17:30:48Z,blocked (cookie/JS wall)
90a6a21b-01c9-4a5a-8c1f-d58b67d00be8,failed,0,5,1,2026-08-31T19:01:00Z,only_5_lines
92837f3a-76ae-46c6-9a64-bf3ccc51ce73,failed,0,4,1,2026-08-31T21:57:50Z,only_4_lines
9331e02f-0627-4d19-a892-b69d6e3916d3,ok,13763,131,1,2026-09-01T05:39:09Z,
98224f6a-9244-4a2a-94e7-e9166181bd40,failed,0,5,1,2026-08-31T15:00:57Z,only_5_lines
98635871-6276-41e4-ad95-172485704a2c,ok,11052,139,1,2026-08-31T15:00:57Z,
991a8f63-65fa-4790-8de1-d09deeed8643,failed,0,706,1,2026-08-31T20:30:49Z,blocked (cookie/JS wall)
99b96750-4604-4ae8-8e56-d3c3287cc493,failed,0,230,1,2026-08-31T17:30:48Z,blocked (cookie/JS wall)
9b8c84ef-c762-4da1-9f47-56e4a62375d5,ok,5937,94,1,2026-08-31T16:31:03Z,
9e0c7c74-d962-4dfd-a375-9f08ad8329ae,failed,0,12,1,2026-08-31T21:57:50Z,only_12_lines
9e9b2cdb-3e51-4478-8b33-4281c7b2a565,failed,0,4,1,2026-08-31T19:01:00Z,only_4_lines
9f3c0656-6cef-4be9-9103-18c13986bef8,failed,0,4,1,2026-08-31T17:00:55Z,only_4_lines
9f4e4614-b132-4a36-8ec6-51a051c0ef58,failed,0,4,1,2026-08-31T16:31:03Z,only_4_lines
9fc8a614-08fa-458a-ae94-17287abd6840,failed,0,9,1,2026-08-31T20:30:49Z,only_9_lines
a07da328-cad2-4ede-bbbb-87ffe48211e5,ok,7847,114,1,2026-08-31T14:00:46Z,
a2c969ec-510a-42ad-b323-d47c5bc5a702,failed,0,511,1,2026-08-31T21:57:50Z,blocked (cookie/JS wall)
a449e924-cf5c-473e-b0a4-29943b45a868,failed,0,3,1,2026-08-31T21:00:45Z,only_3_lines
a74844d5-7c95-4e92-aea0-75ab011fb0e1,ok,13490,129,1,2026-09-01T05:39:09Z,
a767329d-41e2-4902-a15c-d28cb21ad5e1,ok,1271,49,1,2026-08-31T13:31:31Z,
a7d8ee7d-d813-4aac-afa0-b2cc56b8b7f6,failed,0,9,1,2026-08-31T17:00:55Z,only_9_lines
a9ad290c-9dc0-40d2-9e6e-d0a330be60dd,failed,0,8,1,2026-08-31T19:33:25Z,only_8_lines
a9b6e0e0-7d76-45b2-8d3b-c8a40a8342cd,failed,0,26,1,2026-08-31T13:31:31Z,only_26_lines
abf4c581-31e3-4e0b-96a4-1451bdb4e8af,ok,5143,54,1,2026-08-31T17:00:55Z,
ac037a9c-f763-4262-beaf-c091d10bf894,ok,9634,117,1,2026-09-01T05:39:09Z,
ae61434b-9142-44d7-96d5-7e8a5731372f,failed,0,4,1,2026-08-31T16:31:03Z,only_4_lines
aec4ad25-f3ea-4386-99cc-b24aaa5e5926,failed,0,4,1,2026-08-31T17:09:24Z,only_4_lines
aede4467-5907-43aa-850b-9d6349575538,ok,12091,130,1,2026-08-31T17:09:24Z,
afda33ed-c25b-4bcb-9bd7-a14d3fb2d0f2,failed,0,4,1,2026-08-31T21:31:22Z,only_4_lines
b18a5562-25bb-4955-af90-8975c5252b03,ok,8332,109,1,2026-09-01T05:39:09Z,
b2905e3d-2dad-4ffd-a2cc-2b8c1aa04707,failed,0,3,1,2026-08-31T17:00:55Z,only_3_lines
b364c68b-8fda-447b-b50d-dfa7fcd4039f,failed,0,4,1,2026-08-31T14:00:46Z,only_4_lines
b376bf1f-e11d-4aeb-8c2f-5ab4f716191f,failed,0,10,1,2026-08-31T21:00:45Z,only_10_lines
b70cf0fc-1a6d-451a-a737-885a6a68884f,failed,0,10,1,2026-08-31T18:31:00Z,only_10_lines
b7154b79-2d09-4d3d-8208-f32ccf9b1d14,failed,0,4,1,2026-08-31T18:00:50Z,only_4_lines
b71c1aa2-4ccb-420a-a53e-cd09d3d3ba63,failed,0,4,1,2026-08-31T18:00:50Z,only_4_lines
b7962d2f-67df-4058-bbd5-91dc4be202c4,ok,5017,89,1,2026-08-31T13:31:31Z,
b8824703-fe69-4f28-b705-68510ab904db,failed,0,3,1,2026-08-31T20:30:49Z,only_3_lines
b9669146-88c3-4c3b-8c92-5d6ade8bdaf5,failed,0,12,1,2026-08-31T18:31:00Z,only_12_lines
bb78f0cb-d806-4ae3-8996-ed333399cb6b,ok,8123,106,1,2026-09-03T17:03:21Z,
bf242ed9-9919-4627-bcd1-35178762d9c5,ok,8765,111,1,2026-08-31T15:00:57Z,
c07d8789-5d37-4216-93ce-d2d8035adb7d,ok,10994,122,1,2026-08-31T15:00:57Z,
c117ba86-33e1-47f4-8f2d-47273cec8534,ok,9704,118,1,2026-09-01T05:39:09Z,
c1260e8d-9824-4174-9668-7f4e1627e756,failed,0,3,1,2026-08-31T18:00:50Z,only_3_lines
c2308ec8-a80e-4bb3-ae50-a835b8c50958,failed,0,9,1,2026-08-31T14:00:46Z,only_9_lines
c344d643-aa8d-4d64-a497-67a78ca63dc9,ok,13215,139,1,2026-08-31T14:00:46Z,
c49d403e-9c01-4e02-bbf3-31cbc36e6522,ok,11335,146,1,2026-08-31T17:00:55Z,
c623e3d0-43d6-4ba5-93dc-077ec55a1bb3,failed,0,4,1,2026-08-31T20:30:49Z,only_4_lines
c630373c-97e1-47cf-a4b8-5348a77da451,ok,7904,81,1,2026-08-31T16:31:03Z,
cab3dc48-123e-4fdc-8ca8-10d067c841b0,failed,0,511,1,2026-08-31T21:00:45Z,blocked (cookie/JS wall)
cd6f32c7-2c66-4423-8ff5-b998f48126e0,failed,0,34,1,2026-08-31T13:31:31Z,only_34_lines
ce59423a-ece5-418f-bd39-14da130d9598,ok,5836,90,1,2026-08-31T13:31:31Z,
cf9613df-d8e3-4474-87fd-386eaa1816e8,failed,0,4,1,2026-08-31T14:31:04Z,only_4_lines
d02658b8-38cb-4fc7-9841-62916abfefc2,failed,0,9,1,2026-08-31T14:31:04Z,only_9_lines
d0337534-379c-4a13-ba43-0946fd91d5fd,failed,0,8,1,2026-08-31T20:02:25Z,only_8_lines
d1787088-b958-47f6-91df-8bc1262f98bf,ok,8222,100,1,2026-08-31T15:00:57Z,
d1a12763-bd6a-435c-bc94-05274ad822f1,failed,0,4,1,2026-08-31T16:31:03Z,only_4_lines
d1b794fd-26be-4c15-bf39-5df493a20cd7,failed,0,511,1,2026-08-31T19:01:00Z,blocked (cookie/JS wall)
d392b2b1-5d8e-4ea6-969f-665fbd492ba4,failed,0,4,1,2026-08-31T18:31:00Z,only_4_lines
d3d390d0-c2a6-4fdd-8c45-3b5fd2e8bc07,failed,0,9,1,2026-08-31T19:01:00Z,only_9_lines
d3ee5bc4-7518-4aa5-b4c1-53a1a4793a3e,failed,0,4,1,2026-08-31T20:02:25Z,only_4_lines
d49211be-b915-4375-8c6a-17b40be46506,failed,0,5,1,2026-08-31T19:33:25Z,only_5_lines
d4bd04b2-b4a7-41b4-ab15-339b8e50f45e,failed,0,12,1,2026-08-31T14:31:04Z,only_12_lines
d738cea5-b94d-4242-a6e3-00a441104aad,failed,0,4,1,2026-08-31T21:00:45Z,only_4_lines
d78c5e39-dccf-475e-9124-2c3a66982e2c,failed,0,15,1,2026-08-31T20:02:25Z,only_15_lines
dc5059f5-acc3-4aa6-bb67-ecd5a9e42cbe,ok,8767,114,1,2026-08-31T13:31:31Z,
dd1b5c69-83f6-47c2-9e9b-02fcd73f5019,failed,0,511,1,2026-08-31T21:57:50Z,blocked (cookie/JS wall)
e018a2ac-82d3-4544-85aa-440aa29efa03,ok,5186,101,1,2026-08-31T21:00:45Z,
e187ad72-4116-4c14-a34f-8e95e658b89c,failed,0,4,1,2026-08-31T21:31:22Z,only_4_lines
e42a0957-f1e1-461b-be85-4b1399cbf8c5,failed,0,181,1,2026-08-31T21:31:22Z,no posting-like text (6623c)
e64f8833-28d9-4336-8818-8f38d5d83e2b,failed,0,7,1,2026-08-31T18:31:00Z,only_7_lines
e8b59897-2766-4ebd-907b-14e589a75372,failed,0,10,1,2026-08-31T17:00:55Z,only_10_lines
ea64c40c-c89c-49ac-b395-a3c66a568e0f,failed,0,8,1,2026-08-31T14:31:04Z,only_8_lines
ee03f6e5-4ee4-4045-9664-e38ffc7617bd,ok,7968,67,1,2026-08-31T13:31:31Z,
ef507edc-8e28-42bb-8700-a616adc2d5cb,failed,0,3,1,2026-08-31T14:31:04Z,only_3_lines
eff23e0e-2522-445b-925a-811fe2e459d1,failed,0,8,1,2026-08-31T20:30:49Z,only_8_lines
f0ac800d-804a-400b-9ee5-a6006e56c30b,failed,0,11,1,2026-08-31T18:31:00Z,only_11_lines
f15eabeb-73d9-4a1d-b314-38d1600f8365,failed,0,8,1,2026-08-31T17:00:55Z,only_8_lines
f4bff374-c560-4627-b60d-dce64838eea8,failed,0,3,1,2026-08-31T19:33:25Z,only_3_lines
f82f4313-ed51-49e1-8692-428585ee2875,failed,0,5,1,2026-08-31T20:02:25Z,only_5_lines
f888ed06-3182-4e4f-94b4-7763ee515470,failed,0,4,1,2026-08-31T21:57:50Z,only_4_lines
faaf208d-f3fb-4acf-90e1-a4498d1cebb6,failed,0,5,1,2026-08-31T16:01:07Z,only_5_lines
fc244a70-fbd2-4a62-a5e8-7caad750e8d9,failed,0,8,1,2026-08-31T14:31:04Z,only_8_lines
fc88d475-f678-4ae3-bc2c-5ef19e50476f,failed,0,8,1,2026-08-31T19:33:25Z,only_8_lines
fcd24d2e-1552-4b2e-a939-87596e9177ce,failed,0,3,1,2026-08-31T17:09:24Z,only_3_lines
fd11d261-e3de-44d6-b3fa-d08465e79bbd,ok,5274,78,1,2026-08-31T17:30:48Z,
fd4b2ae3-7ff3-4faf-9469-b64c12be8275,failed,0,4,1,2026-08-31T19:01:00Z,only_4_lines
fdcce4dd-7800-4e80-bc0f-fa79d580e58c,failed,0,4,1,2026-08-31T17:09:24Z,only_4_lines
fe4a0f8c-3de2-411c-8959-9b9893900a52,ok,9104,142,1,2026-08-31T17:00:55Z,
